{
    "$schema": "https://schema.management.azure.com/schemas/2015-01-01/deploymentParameters.json#",
    "contentVersion": "1.0.0.0",
    "parameters": {
        "channels_WebChatChannel_enablePreview": {
            "value": null
        },
        "sites_chatbot_cjs_name": {
            "value": null
        },
        "sites_chatbot_qna_cjs_name": {
            "value": null
        },
        "serverfarms_chatbot_cjs_name": {
            "value": null
        },
        "serverfarms_chatbot_qna_cjs_name": {
            "value": null
        },
        "botServices_chatbot_cjs_name": {
            "value": null
        },
        "storageAccounts_chatbotcjs_name": {
            "value": null
        },
        "accounts_Tutorial_name": {
            "value": null
        },
        "components_chatbot_cjsnmqcoo_name": {
            "value": null
        },
        "components_chatbot_qna_cjs_ai_name": {
            "value": null
        },
        "accounts_chatbot_qna_cjs_name": {
            "value": null
        },
        "accounts_chatbot_luis_cjs_name": {
            "value": null
        },
        "searchServices_chatbotqnacjs_astayvykalnsxmk_name": {
            "value": null
        },
        "accounts_chatbot_luis_cjs_Authoring_name": {
            "value": null
        },
        "actionGroups_Application_Insights_Smart_Detection_name": {
            "value": null
        },
        "smartdetectoralertrules_failure_anomalies___chatbot_cjsnmqcoo_name": {
            "value": null
        },
        "smartdetectoralertrules_failure_anomalies___chatbot_qna_cjs_ai_name": {
            "value": null
        }
    }
}