{
    "$schema": "https://schema.management.azure.com/schemas/2015-01-01/deploymentTemplate.json#",
    "contentVersion": "1.0.0.0",
    "parameters": {
        "channels_WebChatChannel_enablePreview": {
            "type": "Bool"
        },
        "sites_chatbot_cjs_name": {
            "defaultValue": "chatbot-cjs",
            "type": "String"
        },
        "sites_chatbot_qna_cjs_name": {
            "defaultValue": "chatbot-qna-cjs",
            "type": "String"
        },
        "serverfarms_chatbot_cjs_name": {
            "defaultValue": "chatbot-cjs",
            "type": "String"
        },
        "serverfarms_chatbot_qna_cjs_name": {
            "defaultValue": "chatbot-qna-cjs",
            "type": "String"
        },
        "botServices_chatbot_cjs_name": {
            "defaultValue": "chatbot-cjs",
            "type": "String"
        },
        "storageAccounts_chatbotcjs_name": {
            "defaultValue": "chatbotcjs",
            "type": "String"
        },
        "accounts_Tutorial_name": {
            "defaultValue": "Tutorial",
            "type": "String"
        },
        "components_chatbot_cjsnmqcoo_name": {
            "defaultValue": "chatbot-cjsnmqcoo",
            "type": "String"
        },
        "components_chatbot_qna_cjs_ai_name": {
            "defaultValue": "chatbot-qna-cjs-ai",
            "type": "String"
        },
        "accounts_chatbot_qna_cjs_name": {
            "defaultValue": "chatbot-qna-cjs",
            "type": "String"
        },
        "accounts_chatbot_luis_cjs_name": {
            "defaultValue": "chatbot-luis-cjs",
            "type": "String"
        },
        "searchServices_chatbotqnacjs_astayvykalnsxmk_name": {
            "defaultValue": "chatbotqnacjs-astayvykalnsxmk",
            "type": "String"
        },
        "accounts_chatbot_luis_cjs_Authoring_name": {
            "defaultValue": "chatbot-luis-cjs-Authoring",
            "type": "String"
        },
        "actionGroups_Application_Insights_Smart_Detection_name": {
            "defaultValue": "Application Insights Smart Detection",
            "type": "String"
        },
        "smartdetectoralertrules_failure_anomalies___chatbot_cjsnmqcoo_name": {
            "defaultValue": "failure anomalies - chatbot-cjsnmqcoo",
            "type": "String"
        },
        "smartdetectoralertrules_failure_anomalies___chatbot_qna_cjs_ai_name": {
            "defaultValue": "failure anomalies - chatbot-qna-cjs-ai",
            "type": "String"
        }
    },
    "variables": {},
    "resources": [
        {
            "type": "Microsoft.BotService/botServices",
            "apiVersion": "2018-07-12",
            "name": "[parameters('botServices_chatbot_cjs_name')]",
            "location": "global",
            "sku": {
                "name": "F0"
            },
            "kind": "sdk",
            "properties": {
                "displayName": "[parameters('botServices_chatbot_cjs_name')]",
                "iconUrl": "https://docs.botframework.com/static/devportal/client/images/bot-framework-default.png",
                "endpoint": "[concat('https://', parameters('botServices_chatbot_cjs_name'), '.azurewebsites.net/api/messages')]",
                "msaAppId": "3a800805-72f3-4f30-95a8-dc7eb5604225",
                "developerAppInsightKey": "114c98bc-a7ea-4121-a93e-2b1cb6a0e349",
                "developerAppInsightsApplicationId": "14833e49-7475-47bf-8490-d519d4f77edd",
                "luisAppIds": []
            }
        },
        {
            "type": "Microsoft.CognitiveServices/accounts",
            "apiVersion": "2017-04-18",
            "name": "[parameters('accounts_chatbot_luis_cjs_name')]",
            "location": "westus",
            "sku": {
                "name": "F0"
            },
            "kind": "LUIS",
            "properties": {
                "customSubDomainName": "[parameters('accounts_chatbot_luis_cjs_name')]",
                "privateEndpointConnections": [],
                "publicNetworkAccess": "Enabled"
            }
        },
        {
            "type": "Microsoft.CognitiveServices/accounts",
            "apiVersion": "2017-04-18",
            "name": "[parameters('accounts_chatbot_luis_cjs_Authoring_name')]",
            "location": "westus",
            "sku": {
                "name": "F0"
            },
            "kind": "LUIS.Authoring",
            "properties": {
                "customSubDomainName": "chatbot-luis-cjs-authoring",
                "privateEndpointConnections": [],
                "publicNetworkAccess": "Enabled"
            }
        },
        {
            "type": "Microsoft.CognitiveServices/accounts",
            "apiVersion": "2017-04-18",
            "name": "[parameters('accounts_chatbot_qna_cjs_name')]",
            "location": "westus",
            "sku": {
                "name": "F0"
            },
            "kind": "QnAMaker",
            "properties": {
                "apiProperties": {
                    "qnaRuntimeEndpoint": "[concat('https://', parameters('accounts_chatbot_qna_cjs_name'), '.azurewebsites.net')]"
                },
                "customSubDomainName": "[parameters('accounts_chatbot_qna_cjs_name')]",
                "privateEndpointConnections": [],
                "publicNetworkAccess": "Enabled"
            }
        },
        {
            "type": "Microsoft.CognitiveServices/accounts",
            "apiVersion": "2017-04-18",
            "name": "[parameters('accounts_Tutorial_name')]",
            "location": "westus",
            "sku": {
                "name": "F0"
            },
            "kind": "LUIS.Authoring",
            "properties": {
                "privateEndpointConnections": [],
                "publicNetworkAccess": "Enabled"
            }
        },
        {
            "type": "microsoft.insights/actionGroups",
            "apiVersion": "2019-03-01",
            "name": "[parameters('actionGroups_Application_Insights_Smart_Detection_name')]",
            "location": "Global",
            "properties": {
                "groupShortName": "SmartDetect",
                "enabled": true,
                "emailReceivers": [],
                "smsReceivers": [],
                "webhookReceivers": [],
                "itsmReceivers": [],
                "azureAppPushReceivers": [],
                "automationRunbookReceivers": [],
                "voiceReceivers": [],
                "logicAppReceivers": [],
                "azureFunctionReceivers": []
            }
        },
        {
            "type": "microsoft.insights/components",
            "apiVersion": "2018-05-01-preview",
            "name": "[parameters('components_chatbot_cjsnmqcoo_name')]",
            "location": "westus",
            "tags": {
                "hidden-link:/subscriptions/409852ce-0e91-4082-9439-54793523550b/resourceGroups/chatbot-cjs/providers/Microsoft.BotService/botServices/chatbot-cjs": "Resource",
                "hidden-link:/subscriptions/409852ce-0e91-4082-9439-54793523550b/resourceGroups/chatbot-cjs/providers/Microsoft.Web/sites/chatbot-cjs": "Resource"
            },
            "kind": "web",
            "properties": {
                "Application_Type": "web",
                "RetentionInDays": 90,
                "publicNetworkAccessForIngestion": "Enabled",
                "publicNetworkAccessForQuery": "Enabled"
            }
        },
        {
            "type": "microsoft.insights/components",
            "apiVersion": "2018-05-01-preview",
            "name": "[parameters('components_chatbot_qna_cjs_ai_name')]",
            "location": "westus",
            "tags": {
                "hidden-link:/subscriptions/409852ce-0e91-4082-9439-54793523550b/resourceGroups/chatbot-cjs/providers/Microsoft.Web/sites/chatbot-qna-cjs": "Resource"
            },
            "kind": "web",
            "properties": {
                "Application_Type": "web",
                "RetentionInDays": 90,
                "publicNetworkAccessForIngestion": "Enabled",
                "publicNetworkAccessForQuery": "Enabled"
            }
        },
        {
            "type": "Microsoft.Search/searchServices",
            "apiVersion": "2020-08-01",
            "name": "[parameters('searchServices_chatbotqnacjs_astayvykalnsxmk_name')]",
            "location": "West US",
            "sku": {
                "name": "free"
            },
            "properties": {
                "replicaCount": 1,
                "partitionCount": 1,
                "hostingMode": "Default",
                "publicNetworkAccess": "Enabled",
                "networkRuleSet": {
                    "ipRules": []
                }
            }
        },
        {
            "type": "Microsoft.Storage/storageAccounts",
            "apiVersion": "2019-06-01",
            "name": "[parameters('storageAccounts_chatbotcjs_name')]",
            "location": "westus",
            "sku": {
                "name": "Standard_RAGRS",
                "tier": "Standard"
            },
            "kind": "StorageV2",
            "properties": {
                "minimumTlsVersion": "TLS1_2",
                "allowBlobPublicAccess": true,
                "networkAcls": {
                    "bypass": "AzureServices",
                    "virtualNetworkRules": [],
                    "ipRules": [],
                    "defaultAction": "Allow"
                },
                "supportsHttpsTrafficOnly": true,
                "encryption": {
                    "services": {
                        "file": {
                            "keyType": "Account",
                            "enabled": true
                        },
                        "blob": {
                            "keyType": "Account",
                            "enabled": true
                        }
                    },
                    "keySource": "Microsoft.Storage"
                },
                "accessTier": "Hot"
            }
        },
        {
            "type": "Microsoft.Web/serverfarms",
            "apiVersion": "2018-02-01",
            "name": "[parameters('serverfarms_chatbot_cjs_name')]",
            "location": "West US",
            "sku": {
                "name": "S1",
                "tier": "Standard",
                "size": "S1",
                "family": "S",
                "capacity": 1
            },
            "kind": "app",
            "properties": {
                "perSiteScaling": false,
                "maximumElasticWorkerCount": 1,
                "isSpot": false,
                "reserved": false,
                "isXenon": false,
                "hyperV": false,
                "targetWorkerCount": 0,
                "targetWorkerSizeId": 0
            }
        },
        {
            "type": "Microsoft.Web/serverfarms",
            "apiVersion": "2018-02-01",
            "name": "[parameters('serverfarms_chatbot_qna_cjs_name')]",
            "location": "West US",
            "sku": {
                "name": "S1",
                "tier": "Standard",
                "size": "S1",
                "family": "S",
                "capacity": 1
            },
            "kind": "app",
            "properties": {
                "perSiteScaling": false,
                "maximumElasticWorkerCount": 1,
                "isSpot": false,
                "reserved": false,
                "isXenon": false,
                "hyperV": false,
                "targetWorkerCount": 0,
                "targetWorkerSizeId": 0
            }
        },
        {
            "type": "Microsoft.BotService/botServices/channels",
            "apiVersion": "2018-07-12",
            "name": "[concat(parameters('botServices_chatbot_cjs_name'), '/DirectLineChannel')]",
            "location": "global",
            "dependsOn": [
                "[resourceId('Microsoft.BotService/botServices', parameters('botServices_chatbot_cjs_name'))]"
            ],
            "properties": {
                "properties": {
                    "sites": [
                        {
                            "siteName": "Default Site",
                            "isEnabled": true,
                            "isV1Enabled": true,
                            "isV3Enabled": true,
                            "isSecureSiteEnabled": false
                        }
                    ]
                },
                "channelName": "DirectLineChannel"
            }
        },
        {
            "type": "Microsoft.BotService/botServices/channels",
            "apiVersion": "2018-07-12",
            "name": "[concat(parameters('botServices_chatbot_cjs_name'), '/WebChatChannel')]",
            "location": "global",
            "dependsOn": [
                "[resourceId('Microsoft.BotService/botServices', parameters('botServices_chatbot_cjs_name'))]"
            ],
            "properties": {
                "properties": {
                    "sites": [
                        {
                            "siteName": "Default Site",
                            "isEnabled": true,
                            "enablePreview": "[parameters('channels_WebChatChannel_enablePreview')]"
                        }
                    ]
                },
                "channelName": "WebChatChannel"
            }
        },
        {
            "type": "Microsoft.Storage/storageAccounts/blobServices",
            "apiVersion": "2019-06-01",
            "name": "[concat(parameters('storageAccounts_chatbotcjs_name'), '/default')]",
            "dependsOn": [
                "[resourceId('Microsoft.Storage/storageAccounts', parameters('storageAccounts_chatbotcjs_name'))]"
            ],
            "sku": {
                "name": "Standard_RAGRS",
                "tier": "Standard"
            },
            "properties": {
                "changeFeed": {
                    "enabled": true
                },
                "cors": {
                    "corsRules": []
                },
                "deleteRetentionPolicy": {
                    "enabled": true,
                    "days": 7
                },
                "isVersioningEnabled": true
            }
        },
        {
            "type": "Microsoft.Storage/storageAccounts/fileServices",
            "apiVersion": "2019-06-01",
            "name": "[concat(parameters('storageAccounts_chatbotcjs_name'), '/default')]",
            "dependsOn": [
                "[resourceId('Microsoft.Storage/storageAccounts', parameters('storageAccounts_chatbotcjs_name'))]"
            ],
            "sku": {
                "name": "Standard_RAGRS",
                "tier": "Standard"
            },
            "properties": {
                "cors": {
                    "corsRules": []
                }
            }
        },
        {
            "type": "Microsoft.Storage/storageAccounts/queueServices",
            "apiVersion": "2019-06-01",
            "name": "[concat(parameters('storageAccounts_chatbotcjs_name'), '/default')]",
            "dependsOn": [
                "[resourceId('Microsoft.Storage/storageAccounts', parameters('storageAccounts_chatbotcjs_name'))]"
            ],
            "properties": {
                "cors": {
                    "corsRules": []
                }
            }
        },
        {
            "type": "Microsoft.Storage/storageAccounts/tableServices",
            "apiVersion": "2019-06-01",
            "name": "[concat(parameters('storageAccounts_chatbotcjs_name'), '/default')]",
            "dependsOn": [
                "[resourceId('Microsoft.Storage/storageAccounts', parameters('storageAccounts_chatbotcjs_name'))]"
            ],
            "properties": {
                "cors": {
                    "corsRules": []
                }
            }
        },
        {
            "type": "Microsoft.Web/sites",
            "apiVersion": "2018-11-01",
            "name": "[parameters('sites_chatbot_cjs_name')]",
            "location": "West US",
            "dependsOn": [
                "[resourceId('Microsoft.Web/serverfarms', parameters('serverfarms_chatbot_cjs_name'))]"
            ],
            "kind": "app",
            "properties": {
                "enabled": true,
                "hostNameSslStates": [
                    {
                        "name": "[concat(parameters('sites_chatbot_cjs_name'), '.azurewebsites.net')]",
                        "sslState": "Disabled",
                        "hostType": "Standard"
                    },
                    {
                        "name": "[concat(parameters('sites_chatbot_cjs_name'), '.scm.azurewebsites.net')]",
                        "sslState": "Disabled",
                        "hostType": "Repository"
                    }
                ],
                "serverFarmId": "[resourceId('Microsoft.Web/serverfarms', parameters('serverfarms_chatbot_cjs_name'))]",
                "reserved": false,
                "isXenon": false,
                "hyperV": false,
                "siteConfig": {},
                "scmSiteAlsoStopped": false,
                "clientAffinityEnabled": true,
                "clientCertEnabled": false,
                "hostNamesDisabled": false,
                "containerSize": 0,
                "dailyMemoryTimeQuota": 0,
                "httpsOnly": false,
                "redundancyMode": "None"
            }
        },
        {
            "type": "Microsoft.Web/sites",
            "apiVersion": "2018-11-01",
            "name": "[parameters('sites_chatbot_qna_cjs_name')]",
            "location": "West US",
            "dependsOn": [
                "[resourceId('Microsoft.Web/serverfarms', parameters('serverfarms_chatbot_qna_cjs_name'))]"
            ],
            "tags": {
                "hidden-related:/subscriptions/409852ce-0e91-4082-9439-54793523550b/resourcegroups/chatbot-cjs/providers/Microsoft.Web/serverfarms/chatbot-qna-cjs": "empty"
            },
            "kind": "app",
            "properties": {
                "enabled": true,
                "hostNameSslStates": [
                    {
                        "name": "[concat(parameters('sites_chatbot_qna_cjs_name'), '.azurewebsites.net')]",
                        "sslState": "Disabled",
                        "hostType": "Standard"
                    },
                    {
                        "name": "[concat(parameters('sites_chatbot_qna_cjs_name'), '.scm.azurewebsites.net')]",
                        "sslState": "Disabled",
                        "hostType": "Repository"
                    }
                ],
                "serverFarmId": "[resourceId('Microsoft.Web/serverfarms', parameters('serverfarms_chatbot_qna_cjs_name'))]",
                "reserved": false,
                "isXenon": false,
                "hyperV": false,
                "siteConfig": {},
                "scmSiteAlsoStopped": false,
                "clientAffinityEnabled": true,
                "clientCertEnabled": false,
                "hostNamesDisabled": false,
                "containerSize": 0,
                "dailyMemoryTimeQuota": 0,
                "httpsOnly": false,
                "redundancyMode": "None"
            }
        },
        {
            "type": "Microsoft.Web/sites/config",
            "apiVersion": "2018-11-01",
            "name": "[concat(parameters('sites_chatbot_cjs_name'), '/web')]",
            "location": "West US",
            "dependsOn": [
                "[resourceId('Microsoft.Web/sites', parameters('sites_chatbot_cjs_name'))]"
            ],
            "properties": {
                "numberOfWorkers": 1,
                "defaultDocuments": [
                    "Default.htm",
                    "Default.html",
                    "Default.asp",
                    "index.htm",
                    "index.html",
                    "iisstart.htm",
                    "default.aspx",
                    "index.php",
                    "hostingstart.html"
                ],
                "netFrameworkVersion": "v4.0",
                "phpVersion": "5.6",
                "requestTracingEnabled": false,
                "remoteDebuggingEnabled": false,
                "httpLoggingEnabled": false,
                "logsDirectorySizeLimit": 35,
                "detailedErrorLoggingEnabled": false,
                "publishingUsername": "$chatbot-cjs",
                "azureStorageAccounts": {},
                "scmType": "None",
                "use32BitWorkerProcess": true,
                "webSocketsEnabled": true,
                "alwaysOn": false,
                "managedPipelineMode": "Integrated",
                "virtualApplications": [
                    {
                        "virtualPath": "/",
                        "physicalPath": "site\\wwwroot",
                        "preloadEnabled": false
                    }
                ],
                "loadBalancing": "LeastRequests",
                "experiments": {
                    "rampUpRules": []
                },
                "autoHealEnabled": false,
                "cors": {
                    "allowedOrigins": [
                        "https://portal.azure.com",
                        "https://botservice.hosting.portal.azure.net",
                        "https://botservice-ms.hosting.portal.azure.net",
                        "https://hosting.onecloud.azure-test.net/"
                    ],
                    "supportCredentials": false
                },
                "localMySqlEnabled": false,
                "ipSecurityRestrictions": [
                    {
                        "ipAddress": "Any",
                        "action": "Allow",
                        "priority": 1,
                        "name": "Allow all",
                        "description": "Allow all access"
                    }
                ],
                "scmIpSecurityRestrictions": [
                    {
                        "ipAddress": "Any",
                        "action": "Allow",
                        "priority": 1,
                        "name": "Allow all",
                        "description": "Allow all access"
                    }
                ],
                "scmIpSecurityRestrictionsUseMain": false,
                "http20Enabled": false,
                "minTlsVersion": "1.2",
                "ftpsState": "AllAllowed",
                "reservedInstanceCount": 0
            }
        },
        {
            "type": "Microsoft.Web/sites/config",
            "apiVersion": "2018-11-01",
            "name": "[concat(parameters('sites_chatbot_qna_cjs_name'), '/web')]",
            "location": "West US",
            "dependsOn": [
                "[resourceId('Microsoft.Web/sites', parameters('sites_chatbot_qna_cjs_name'))]"
            ],
            "tags": {
                "hidden-related:/subscriptions/409852ce-0e91-4082-9439-54793523550b/resourcegroups/chatbot-cjs/providers/Microsoft.Web/serverfarms/chatbot-qna-cjs": "empty"
            },
            "properties": {
                "numberOfWorkers": 1,
                "defaultDocuments": [
                    "Default.htm",
                    "Default.html",
                    "Default.asp",
                    "index.htm",
                    "index.html",
                    "iisstart.htm",
                    "default.aspx",
                    "index.php",
                    "hostingstart.html"
                ],
                "netFrameworkVersion": "v4.0",
                "phpVersion": "5.6",
                "requestTracingEnabled": false,
                "remoteDebuggingEnabled": false,
                "httpLoggingEnabled": false,
                "logsDirectorySizeLimit": 35,
                "detailedErrorLoggingEnabled": false,
                "publishingUsername": "$chatbot-qna-cjs",
                "azureStorageAccounts": {},
                "scmType": "None",
                "use32BitWorkerProcess": true,
                "webSocketsEnabled": false,
                "alwaysOn": false,
                "managedPipelineMode": "Integrated",
                "virtualApplications": [
                    {
                        "virtualPath": "/",
                        "physicalPath": "site\\wwwroot",
                        "preloadEnabled": false
                    }
                ],
                "loadBalancing": "LeastRequests",
                "experiments": {
                    "rampUpRules": []
                },
                "autoHealEnabled": false,
                "cors": {
                    "allowedOrigins": [
                        "*"
                    ],
                    "supportCredentials": false
                },
                "localMySqlEnabled": false,
                "ipSecurityRestrictions": [
                    {
                        "ipAddress": "Any",
                        "action": "Allow",
                        "priority": 1,
                        "name": "Allow all",
                        "description": "Allow all access"
                    }
                ],
                "scmIpSecurityRestrictions": [
                    {
                        "ipAddress": "Any",
                        "action": "Allow",
                        "priority": 1,
                        "name": "Allow all",
                        "description": "Allow all access"
                    }
                ],
                "scmIpSecurityRestrictionsUseMain": false,
                "http20Enabled": false,
                "minTlsVersion": "1.2",
                "ftpsState": "AllAllowed",
                "reservedInstanceCount": 0
            }
        },
        {
            "type": "Microsoft.Web/sites/hostNameBindings",
            "apiVersion": "2018-11-01",
            "name": "[concat(parameters('sites_chatbot_cjs_name'), '/', parameters('sites_chatbot_cjs_name'), '.azurewebsites.net')]",
            "location": "West US",
            "dependsOn": [
                "[resourceId('Microsoft.Web/sites', parameters('sites_chatbot_cjs_name'))]"
            ],
            "properties": {
                "siteName": "chatbot-cjs",
                "hostNameType": "Verified"
            }
        },
        {
            "type": "Microsoft.Web/sites/hostNameBindings",
            "apiVersion": "2018-11-01",
            "name": "[concat(parameters('sites_chatbot_qna_cjs_name'), '/', parameters('sites_chatbot_qna_cjs_name'), '.azurewebsites.net')]",
            "location": "West US",
            "dependsOn": [
                "[resourceId('Microsoft.Web/sites', parameters('sites_chatbot_qna_cjs_name'))]"
            ],
            "properties": {
                "siteName": "chatbot-qna-cjs",
                "hostNameType": "Verified"
            }
        },
        {
            "type": "Microsoft.Web/sites/siteextensions",
            "apiVersion": "2018-11-01",
            "name": "[concat(parameters('sites_chatbot_cjs_name'), '/Microsoft.AspNetCore.AzureAppServices.SiteExtension')]",
            "location": "West US",
            "dependsOn": [
                "[resourceId('Microsoft.Web/sites', parameters('sites_chatbot_cjs_name'))]"
            ]
        },
        {
            "type": "microsoft.alertsmanagement/smartdetectoralertrules",
            "apiVersion": "2019-06-01",
            "name": "[parameters('smartdetectoralertrules_failure_anomalies___chatbot_cjsnmqcoo_name')]",
            "location": "global",
            "dependsOn": [
                "[resourceId('microsoft.insights/components', parameters('components_chatbot_cjsnmqcoo_name'))]",
                "[resourceId('microsoft.insights/actionGroups', parameters('actionGroups_Application_Insights_Smart_Detection_name'))]"
            ],
            "properties": {
                "description": "Failure Anomalies notifies you of an unusual rise in the rate of failed HTTP requests or dependency calls.",
                "state": "Enabled",
                "severity": "Sev3",
                "frequency": "PT1M",
                "detector": {
                    "id": "FailureAnomaliesDetector",
                    "name": "Failure Anomalies",
                    "description": "Detects if your application experiences an abnormal rise in the rate of HTTP requests or dependency calls that are reported as failed. The anomaly detection uses machine learning algorithms and occurs in near real time, therefore there's no need to define a frequency for this signal.<br/></br/>To help you triage and diagnose the problem, an analysis of the characteristics of the failures and related telemetry is provided with the detection. This feature works for any app, hosted in the cloud or on your own servers, that generates request or dependency telemetry - for example, if you have a worker role that calls <a class=\"ext-smartDetecor-link\" href=\\\"https://docs.microsoft.com/azure/application-insights/app-insights-api-custom-events-metrics#trackrequest\\\" target=\\\"_blank\\\">TrackRequest()</a> or <a class=\"ext-smartDetecor-link\" href=\\\"https://docs.microsoft.com/azure/application-insights/app-insights-api-custom-events-metrics#trackdependency\\\" target=\\\"_blank\\\">TrackDependency()</a>.<br/><br/><a class=\"ext-smartDetecor-link\" href=\\\"https://docs.microsoft.com/azure/azure-monitor/app/proactive-failure-diagnostics\\\" target=\\\"_blank\\\">Learn more about Failure Anomalies</a>",
                    "supportedResourceTypes": [
                        "ApplicationInsights"
                    ]
                },
                "scope": [
                    "[resourceId('microsoft.insights/components', parameters('components_chatbot_cjsnmqcoo_name'))]"
                ],
                "actionGroups": {
                    "groupIds": [
                        "[resourceId('microsoft.insights/actionGroups', parameters('actionGroups_Application_Insights_Smart_Detection_name'))]"
                    ]
                }
            }
        },
        {
            "type": "microsoft.alertsmanagement/smartdetectoralertrules",
            "apiVersion": "2019-06-01",
            "name": "[parameters('smartdetectoralertrules_failure_anomalies___chatbot_qna_cjs_ai_name')]",
            "location": "global",
            "dependsOn": [
                "[resourceId('microsoft.insights/components', parameters('components_chatbot_qna_cjs_ai_name'))]",
                "[resourceId('microsoft.insights/actionGroups', parameters('actionGroups_Application_Insights_Smart_Detection_name'))]"
            ],
            "properties": {
                "description": "Failure Anomalies notifies you of an unusual rise in the rate of failed HTTP requests or dependency calls.",
                "state": "Enabled",
                "severity": "Sev3",
                "frequency": "PT1M",
                "detector": {
                    "id": "FailureAnomaliesDetector",
                    "name": "Failure Anomalies",
                    "description": "Detects if your application experiences an abnormal rise in the rate of HTTP requests or dependency calls that are reported as failed. The anomaly detection uses machine learning algorithms and occurs in near real time, therefore there's no need to define a frequency for this signal.<br/></br/>To help you triage and diagnose the problem, an analysis of the characteristics of the failures and related telemetry is provided with the detection. This feature works for any app, hosted in the cloud or on your own servers, that generates request or dependency telemetry - for example, if you have a worker role that calls <a class=\"ext-smartDetecor-link\" href=\\\"https://docs.microsoft.com/azure/application-insights/app-insights-api-custom-events-metrics#trackrequest\\\" target=\\\"_blank\\\">TrackRequest()</a> or <a class=\"ext-smartDetecor-link\" href=\\\"https://docs.microsoft.com/azure/application-insights/app-insights-api-custom-events-metrics#trackdependency\\\" target=\\\"_blank\\\">TrackDependency()</a>.<br/><br/><a class=\"ext-smartDetecor-link\" href=\\\"https://docs.microsoft.com/azure/azure-monitor/app/proactive-failure-diagnostics\\\" target=\\\"_blank\\\">Learn more about Failure Anomalies</a>",
                    "supportedResourceTypes": [
                        "ApplicationInsights"
                    ]
                },
                "scope": [
                    "[resourceId('microsoft.insights/components', parameters('components_chatbot_qna_cjs_ai_name'))]"
                ],
                "actionGroups": {
                    "groupIds": [
                        "[resourceId('microsoft.insights/actionGroups', parameters('actionGroups_Application_Insights_Smart_Detection_name'))]"
                    ]
                }
            }
        }
    ]
}